O*NET-SOC Code,Title,Description,Top Abilities,Top Knowledge,Top Work Styles,Interest Profile,Specific Interest Areas,Technology Skills
11-3021.00,Computer and Information Systems Managers,"Plan, direct, or coordinate activities in such fields as electronic data processing, information systems, systems analysis, and computer programming.","Oral Comprehension, Written Comprehension, Oral Expression, Problem Sensitivity, Deductive Reasoning, Inductive Reasoning, Written Expression, Information Ordering, Near Vision, Speech Clarity","Computers and Electronics, Customer and Personal Service, Administration and Management, Engineering and Technology, English Language, Personnel and Human Resources, Mathematics, Education and Training, Telecommunications, Design","Dependability, Attention to Detail, Integrity, Intellectual Curiosity, Achievement Orientation, Adaptability, Innovation, Dependability, Leadership Orientation, Attention to Detail","First Interest High-Point, Conventional, Enterprising, Second Interest High-Point, Investigative, Realistic","Management/Administration, Information Technology, Business Initiatives, Business Initiatives, Human Resources, Public Speaking, Mathematics/Statistics, Engineering, Finance, Accounting","ACT! Premium, Adobe Distiller, Adobe Flex, Advanced business application programming ABAP, Alpha Four, Amazon Web Services AWS software, Apache Cassandra, Apache Hadoop, Apache HTTP Server, Apache Maven, Apache Pig, Apache Solr, Apache Tomcat, Apple Final Cut Pro, Apple iMovie"
15-1211.00,Computer Systems Analysts,"Analyze science, engineering, business, and other data processing problems to develop and implement solutions to complex applications problems, system administration issues, or network concerns. Perform systems management and integration functions, improve existing computer systems, and review computer system capabilities, workflow, and schedule limitations. May analyze or recommend commercially available software.","Deductive Reasoning, Oral Comprehension, Written Comprehension, Oral Expression, Information Ordering, Problem Sensitivity, Inductive Reasoning, Near Vision, Speech Recognition, Fluency of Ideas","Computers and Electronics, Customer and Personal Service, English Language, Mathematics, Administration and Management, Education and Training, Telecommunications, Engineering and Technology, Administrative, Personnel and Human Resources","Dependability, Attention to Detail, Attention to Detail, Intellectual Curiosity, Innovation, Dependability, Intellectual Curiosity, Adaptability, Integrity, Perseverance","Investigative, Second Interest High-Point, Conventional, Realistic, Enterprising, First Interest High-Point","Information Technology, Mathematics/Statistics, Engineering, Management/Administration, Office Work, Mechanics/Electronics, Accounting, Business Initiatives, Mathematics/Statistics, Finance","3M Post-it App, Access management software, AcmeStudio, Active directory software, Ada, Adobe Acrobat, Adobe ActionScript, Adobe ColdFusion, Adobe Dreamweaver, Adobe Flex, Adobe Illustrator, Adobe Photoshop, ADP Workforce Now, Advanced business application programming ABAP, AJAX"
15-1212.00,Information Security Analysts,"Plan, implement, upgrade, or monitor security measures for the protection of computer networks and information. Assess system vulnerabilities for security risks and propose and implement risk mitigation strategies. May ensure appropriate security controls are in place that will safeguard digital files and vital electronic infrastructure. May respond to computer security breaches and viruses.","Oral Comprehension, Written Comprehension, Problem Sensitivity, Deductive Reasoning, Inductive Reasoning, Written Expression, Information Ordering, Oral Expression, Near Vision, Category Flexibility","Computers and Electronics, English Language, Administration and Management, Engineering and Technology, Telecommunications, Customer and Personal Service, Public Safety and Security, Education and Training, Mathematics, Communications and Media","Dependability, Attention to Detail, Integrity, Cautiousness, Intellectual Curiosity, Achievement Orientation, Adaptability, Perseverance, Attention to Detail, Integrity","Conventional, First Interest High-Point, Investigative, Realistic, Enterprising, Social","Information Technology, Protective Service, Mechanics/Electronics, Office Work, Mathematics/Statistics, Management/Administration, Engineering, Protective Service, Accounting, Law","3M Post-it App, Access management software, AccessData FTK, Active directory software, Adobe ActionScript, Advanced business application programming ABAP, AJAX, Amazon DynamoDB, Amazon Elastic Compute Cloud EC2, Amazon Redshift, Amazon Simple Storage Service S3, Amazon Web Services AWS CloudFormation, Amazon Web Services AWS software, Ansible software, Anti-phishing software"
15-1221.00,Computer and Information Research Scientists,"Conduct research into fundamental computer and information science as theorists, designers, or inventors. Develop solutions to problems in the field of computer hardware and software.","Deductive Reasoning, Inductive Reasoning, Oral Comprehension, Oral Expression, Written Comprehension, Fluency of Ideas, Problem Sensitivity, Written Expression, Information Ordering, Category Flexibility","Computers and Electronics, Mathematics, Engineering and Technology, English Language, Administration and Management, Design, Telecommunications, Physics, Sales and Marketing, Customer and Personal Service","Dependability, Attention to Detail, Intellectual Curiosity, Achievement Orientation, Intellectual Curiosity, Perseverance, Innovation, Attention to Detail, Adaptability, Achievement Orientation","Investigative, Second Interest High-Point, Conventional, Realistic, Artistic, Enterprising","Information Technology, Mathematics/Statistics, Engineering, Management/Administration, Engineering, Mechanics/Electronics, Physical Science, Mathematics/Statistics, Business Initiatives, Public Speaking","3D graphics software, Ada, Advanced numerical software, Algorithmic software, Amazon DynamoDB, Amazon Elastic Compute Cloud EC2, Amazon Redshift, Amazon Web Services AWS CloudFormation, Amazon Web Services AWS SageMaker, Amazon Web Services AWS software, Ansible software, Apache Airflow, Apache Cassandra, Apache Flume, Apache Hadoop"
15-1231.00,Computer Network Support Specialists,"Analyze, test, troubleshoot, and evaluate existing network systems, such as local area networks (LAN), wide area networks (WAN), cloud networks, servers, and other data communications networks. Perform network maintenance to ensure networks operate correctly with minimal interruption.","Oral Comprehension, Problem Sensitivity, Deductive Reasoning, Oral Expression, Inductive Reasoning, Written Comprehension, Information Ordering, Written Expression, Near Vision, Speech Recognition","Computers and Electronics, Telecommunications, Customer and Personal Service, Engineering and Technology, English Language, Administration and Management, Communications and Media, Education and Training, Administrative, Design","Dependability, Attention to Detail, Integrity, Attention to Detail, Dependability, Integrity, Cautiousness, Intellectual Curiosity, Cautiousness, Adaptability","First Interest High-Point, Conventional, Investigative, Realistic, Enterprising, Social","Information Technology, Engineering, Mechanics/Electronics, Mechanics/Electronics, Mathematics/Statistics, Office Work, Management/Administration, Engineering, Teaching/Education, Personal Service","Adobe Acrobat, Anti-spyware software, Antivirus software, Apache Tomcat, Apple macOS, Application management software, Arping, Automated installation software, B&W Port Scanner, Bash, Bentley Systems ProjectWise, BitWizard B.V. mtr, BlackBerry Enterprise Server, BMC Software Control-M, BMC Software Remedy IT Service Management Suite"
15-1232.00,Computer User Support Specialists,"Provide technical assistance to computer users. Answer questions or resolve computer problems for clients in person, via telephone, or electronically. May provide assistance concerning the use of computer hardware and software, including printing, installation, word processing, electronic mail, and operating systems.","Oral Comprehension, Written Comprehension, Oral Expression, Written Expression, Near Vision, Problem Sensitivity, Deductive Reasoning, Information Ordering, Speech Recognition, Speech Clarity","Computers and Electronics, Customer and Personal Service, Telecommunications, English Language, Education and Training, Mechanical, Engineering and Technology, Administration and Management, Administrative, Communications and Media","Dependability, Attention to Detail, Dependability, Cooperation, Perseverance, Intellectual Curiosity, Social Orientation, Adaptability, Stress Tolerance, Integrity","Conventional, First Interest High-Point, Realistic, Investigative, Social, Enterprising","Information Technology, Mechanics/Electronics, Office Work, Office Work, Engineering, Teaching/Education, Personal Service, Management/Administration, Mechanics/Electronics, Professional Advising","3M Post-it App, Active directory software, Adobe Acrobat, Adobe ActionScript, Adobe Creative Cloud software, Adobe Distiller, Adobe Dreamweaver, Adobe Illustrator, Adobe InDesign, Adobe Photoshop, Advanced business application programming ABAP, AJAX, Amazon Redshift, Amazon Web Services AWS software, Ansible software"
15-1241.00,Computer Network Architects,"Design and implement computer and information networks, such as local area networks (LAN), wide area networks (WAN), intranets, extranets, and other data communications networks. Perform network modeling, analysis, and planning, including analysis of capacity needs for network infrastructures. May also design network and computer security measures. May research and recommend network and data communications hardware and software.","Oral Comprehension, Written Comprehension, Written Expression, Problem Sensitivity, Deductive Reasoning, Inductive Reasoning, Information Ordering, Category Flexibility, Oral Expression, Near Vision","Computers and Electronics, Engineering and Technology, Telecommunications, English Language, Education and Training, Design, Customer and Personal Service, Mathematics, Public Safety and Security, Administration and Management","Dependability, Attention to Detail, Integrity, Cautiousness, Intellectual Curiosity, Attention to Detail, Dependability, Intellectual Curiosity, Innovation, Cautiousness","Second Interest High-Point, Investigative, Conventional, Realistic, Enterprising, Artistic","Information Technology, Engineering, Mathematics/Statistics, Mechanics/Electronics, Mathematics/Statistics, Management/Administration, Engineering, Business Initiatives, Public Speaking, Teaching/Education","Access management software, Adobe ActionScript, Adobe After Effects, Advanced business application programming ABAP, AirMagnet Enterprise, AJAX, Amazon DynamoDB, Amazon Elastic Compute Cloud EC2, Amazon Redshift, Amazon Simple Storage Service S3, Amazon Web Services AWS CloudFormation, Amazon Web Services AWS software, Ansible software, Apache Ant, Apache Cassandra"
15-1242.00,Database Administrators,"Administer, test, and implement computer databases, applying knowledge of database management systems. Coordinate changes to computer databases. Identify, investigate, and resolve database performance issues, database capacity, and database scalability. May plan, coordinate, and implement security measures to safeguard computer databases.","Deductive Reasoning, Oral Comprehension, Written Comprehension, Problem Sensitivity, Inductive Reasoning, Information Ordering, Near Vision, Oral Expression, Written Expression, Category Flexibility","Computers and Electronics, English Language, Customer and Personal Service, Mathematics, Telecommunications, Engineering and Technology, Administration and Management, Education and Training, Design, Economics and Accounting","Dependability, Attention to Detail, Attention to Detail, Integrity, Dependability, Cautiousness, Integrity, Intellectual Curiosity, Cautiousness, Achievement Orientation","Conventional, First Interest High-Point, Investigative, Enterprising, Realistic, Social","Information Technology, Management/Administration, Mathematics/Statistics, Mathematics/Statistics, Office Work, Management/Administration, Accounting, Engineering, Mechanics/Electronics, Teaching/Education","Ab Initio, Access management software, Acronis Recovery Expert, ADO.NET, Adobe Dreamweaver, Advanced business application programming ABAP, AJAX, Amazon Data Pipeline, Amazon DynamoDB, Amazon Elastic Compute Cloud EC2, Amazon Redshift, Amazon Simple Storage Service S3, Amazon Web Services AWS CloudFormation, Amazon Web Services AWS software, Ansible software"
15-1243.00,Database Architects,"Design strategies for enterprise databases, data warehouse systems, and multidimensional networks. Set standards for database operations, programming, query processes, and security. Model, design, and construct large relational databases or data warehouses. Create and optimize data models for warehouse infrastructure and workflow. Integrate new systems with existing warehouse structure and refine system performance and functionality.","Oral Comprehension, Written Comprehension, Deductive Reasoning, Oral Expression, Problem Sensitivity, Inductive Reasoning, Information Ordering, Near Vision, Speech Clarity, Category Flexibility","Computers and Electronics, Engineering and Technology, Design, Mathematics, English Language, Administration and Management, Education and Training, Customer and Personal Service, Law and Government, Telecommunications","Dependability, Attention to Detail, Cautiousness, Intellectual Curiosity, Attention to Detail, Dependability, Intellectual Curiosity, Achievement Orientation, Cautiousness, Innovation","Conventional, First Interest High-Point, Investigative, Enterprising, Realistic, Artistic","Information Technology, Mathematics/Statistics, Management/Administration, Engineering, Mathematics/Statistics, Accounting, Business Initiatives, Office Work, Finance, Mechanics/Electronics","3M Post-it App, Ab Initio, Access management software, Acronis Recovery Expert, Adeptia ETL Suite, ADO.NET, Adobe Acrobat, Adobe Dreamweaver, Advanced business application programming ABAP, AJAX, Altova MapForce, Amazon DynamoDB, Amazon Elastic Compute Cloud EC2, Amazon Kinesis, Amazon Redshift"
15-1244.00,Network and Computer Systems Administrators,"Install, configure, and maintain an organization's local area network (LAN), wide area network (WAN), data communications network, operating systems, and physical and virtual servers. Perform system monitoring and verify the integrity and availability of hardware, network, and server resources and systems. Review system and application logs and verify completion of scheduled jobs, including system backups. Analyze network and server resource consumption and control user access. Install and upgrade software and maintain software licenses. May assist in network modeling, analysis, planning, and coordination between network and data communications hardware and software.","Problem Sensitivity, Written Comprehension, Information Ordering, Oral Expression, Deductive Reasoning, Inductive Reasoning, Near Vision, Oral Comprehension, Speech Recognition, Written Expression","Computers and Electronics, English Language, Customer and Personal Service, Engineering and Technology, Telecommunications, Mathematics, Administrative, Administration and Management, Education and Training, Design","Dependability, Attention to Detail, Integrity, Attention to Detail, Dependability, Cautiousness, Integrity, Intellectual Curiosity, Cautiousness, Adaptability","Conventional, First Interest High-Point, Realistic, Investigative, Enterprising, Social","Information Technology, Mechanics/Electronics, Engineering, Engineering, Management/Administration, Mathematics/Statistics, Mechanics/Electronics, Office Work, Teaching/Education, Personal Service","Access management software, Active directory software, Adexa eGPS Suite, Adobe Acrobat, Adobe ActionScript, Adobe Dreamweaver, Advanced business application programming ABAP, AJAX, Amazon DynamoDB, Amazon Elastic Compute Cloud EC2, Amazon Redshift, Amazon Simple Storage Service S3, Amazon Web Services AWS CloudFormation, Amazon Web Services AWS software, Ansible software"
15-1251.00,Computer Programmers,"Create, modify, and test the code and scripts that allow computer applications to run. Work from specifications drawn up by software and web developers or other individuals. May develop and write computer programs to store, locate, and retrieve specific documents, data, and information.","Written Comprehension, Oral Comprehension, Near Vision, Problem Sensitivity, Deductive Reasoning, Inductive Reasoning, Information Ordering, Oral Expression, Written Expression, Speech Recognition","Computers and Electronics, Mathematics, Engineering and Technology, English Language, Customer and Personal Service, Administration and Management, Design, Education and Training, Geography, Administrative","Attention to Detail, Dependability, Dependability, Intellectual Curiosity, Attention to Detail, Innovation, Cautiousness, Achievement Orientation, Perseverance, Tolerance for Ambiguity","First Interest High-Point, Conventional, Investigative, Realistic, Artistic, Enterprising","Information Technology, Mathematics/Statistics, Engineering, Office Work, Management/Administration, Mathematics/Statistics, Accounting, Mechanics/Electronics, Teaching/Education, Physical Science","A programming language APL, ABC Compiler, ABC: the AspectBench Compiler for AspectJ, Ada, Adobe Acrobat, Adobe ActionScript, Adobe ColdFusion, Adobe Dreamweaver, Adobe Flex, Adobe Illustrator, Adobe Photoshop, Adobe PostScript, Advanced business application programming ABAP, AJAX, Algorithmic language ALGOL"
15-1252.00,Software Developers,"Research, design, and develop computer and network software or specialized utility programs. Analyze user needs and develop software solutions, applying principles and techniques of computer science, engineering, and mathematical analysis. Update software or enhance existing software capabilities. May work with computer hardware engineers to integrate hardware and software systems, and develop specifications and performance requirements. May maintain databases within an application area, working individually or coordinating database development as part of a team.","Oral Comprehension, Written Comprehension, Oral Expression, Problem Sensitivity, Deductive Reasoning, Near Vision, Information Ordering, Written Expression, Inductive Reasoning, Category Flexibility","Computers and Electronics, Mathematics, Customer and Personal Service, English Language, Education and Training, Engineering and Technology, Design, Telecommunications, Public Safety and Security, Production and Processing","Dependability, Attention to Detail, Intellectual Curiosity, Achievement Orientation, Attention to Detail, Innovation, Dependability, Intellectual Curiosity, Achievement Orientation, Adaptability","Investigative, Second Interest High-Point, Conventional, Realistic, Artistic, First Interest High-Point","Information Technology, Mathematics/Statistics, Engineering, Engineering, Mechanics/Electronics, Management/Administration, Mathematics/Statistics, Accounting, Office Work, Physical Science","3M Post-it App, A programming language APL, ABC Compiler, ABC: the AspectBench Compiler for AspectJ, Ada, ADO.NET, Adobe Acrobat, Adobe ActionScript, Adobe After Effects, Adobe Creative Cloud software, Adobe Dreamweaver, Adobe Flex, Adobe Illustrator, Adobe InDesign, Adobe Photoshop"
15-1253.00,Software Quality Assurance Analysts and Testers,"Develop and execute software tests to identify software problems and their causes. Test system modifications to prepare for implementation. Document software and application defects using a bug tracking system and report defects to software or web developers. Create and maintain databases of known defects. May participate in software design reviews to provide input on functional requirements, operational characteristics, product designs, and schedules.","Oral Comprehension, Written Comprehension, Oral Expression, Problem Sensitivity, Deductive Reasoning, Inductive Reasoning, Written Expression, Information Ordering, Near Vision, Speech Recognition","Computers and Electronics, English Language, Mathematics, Engineering and Technology, Design, Education and Training, Customer and Personal Service, Administration and Management, Administrative, Telecommunications","Dependability, Attention to Detail, Attention to Detail, Dependability, Cautiousness, Intellectual Curiosity, Cautiousness, Achievement Orientation, Perseverance, Integrity","Second Interest High-Point, Investigative, Conventional, Realistic, First Interest High-Point, Artistic","Information Technology, Engineering, Mathematics/Statistics, Mathematics/Statistics, Mechanics/Electronics, Management/Administration, Office Work, Engineering, Accounting, Public Speaking","3M Post-it App, A programming language APL, ABC Compiler, ABC: the AspectBench Compiler for AspectJ, Acresso InstallAnywhere, Ada, ADO.NET, Adobe Acrobat, Adobe ActionScript, Adobe After Effects, Adobe Creative Cloud software, Adobe Dreamweaver, Adobe Flex, Adobe Illustrator, Adobe InDesign"
15-1254.00,Web Developers,"Develop and implement websites, web applications, application databases, and interactive web interfaces. Evaluate code to ensure that it is properly structured, meets industry standards, and is compatible with browsers and devices. Optimize website performance, scalability, and server-side code and processes. May develop website infrastructure and integrate websites with other computer applications.","Deductive Reasoning, Oral Comprehension, Written Comprehension, Problem Sensitivity, Near Vision, Inductive Reasoning, Information Ordering, Speech Recognition, Speech Clarity, Oral Expression","Computers and Electronics, English Language, Mathematics, Communications and Media, Customer and Personal Service, Design, Engineering and Technology, Telecommunications, Administration and Management, Administrative","Dependability, Attention to Detail, Intellectual Curiosity, Attention to Detail, Innovation, Dependability, Intellectual Curiosity, Adaptability, Adaptability, Achievement Orientation","First Interest High-Point, Conventional, Investigative, Artistic, Realistic, Enterprising","Information Technology, Mathematics/Statistics, Applied Arts and Design, Visual Arts, Media, Management/Administration, Engineering, Mathematics/Statistics, Marketing/Advertising, Mechanics/Electronics","3M Post-it App, Adobe Acrobat, Adobe ActionScript, Adobe After Effects, Adobe Creative Cloud software, Adobe Dreamweaver, Adobe Flex, Adobe Illustrator, Adobe InDesign, Adobe Photoshop, Advanced business application programming ABAP, Airtable, AJAX, Amazon DynamoDB, Amazon Elastic Compute Cloud EC2"
15-1299.00,"Computer Occupations, All Other",All computer occupations not listed separately.,,,,,,
15-1299.05,Information Security Engineers,"Develop and oversee the implementation of information security procedures and policies. Build, maintain and upgrade security technology, such as firewalls, for the safe use of computer networks and the transmission and retrieval of information. Design and implement appropriate security controls to identify vulnerabilities and protect digital files and electronic infrastructures. Monitor and respond to computer security breaches, viruses, and intrusions, and perform forensic investigation. May oversee the assessment of information security systems.","Oral Comprehension, Written Comprehension, Oral Expression, Deductive Reasoning, Information Ordering, Speech Recognition, Problem Sensitivity, Inductive Reasoning, Near Vision, Written Expression","Computers and Electronics, Engineering and Technology, English Language, Telecommunications, Customer and Personal Service, Design, Mathematics, Education and Training, Administration and Management, Communications and Media","Dependability, Attention to Detail, Integrity, Cautiousness, Intellectual Curiosity, Achievement Orientation, Stress Tolerance, Adaptability, Attention to Detail, Integrity","Conventional, First Interest High-Point, Investigative, Realistic, Enterprising, Second Interest High-Point","Information Technology, Engineering, Mechanics/Electronics, Protective Service, Mechanics/Electronics, Mathematics/Statistics, Management/Administration, Engineering, Office Work, Law","Active directory software, Amazon Web Services AWS CloudFormation, Amazon Web Services AWS software, Ansible software, Apple iOS, Apple macOS, ArcSight Enterprise Threat and Risk Management, Atlassian Confluence, Atlassian JIRA, Bash, Border Gateway Protocol BGP, C, C#, C++, Chef"
15-1299.08,Computer Systems Engineers/Architects,"Design and develop solutions to complex applications problems, system administration issues, or network concerns. Perform systems management and integration functions.","Oral Comprehension, Written Comprehension, Oral Expression, Written Expression, Problem Sensitivity, Deductive Reasoning, Inductive Reasoning, Information Ordering, Originality, Near Vision","Computers and Electronics, English Language, Telecommunications, Customer and Personal Service, Engineering and Technology, Administration and Management, Design, Mathematics, Administrative, Production and Processing","Dependability, Attention to Detail, Integrity, Cautiousness, Intellectual Curiosity, Achievement Orientation, Dependability, Attention to Detail, Innovation, Intellectual Curiosity","First Interest High-Point, Conventional, Investigative, Realistic, Enterprising, Social","Information Technology, Engineering, Mechanics/Electronics, Mathematics/Statistics, Management/Administration, Mechanics/Electronics, Public Speaking, Engineering, Office Work, Teaching/Education","3M Post-it App, Adobe Acrobat, Adobe ActionScript, Adobe AIR, Adobe Creative Cloud software, Adobe Dreamweaver, Adobe Flex, Adobe FrameMaker, Adobe Photoshop, Advanced business application programming ABAP, AJAX, Altia Design, Amazon DynamoDB, Amazon Elastic Compute Cloud EC2, Amazon Redshift"
15-1299.09,Information Technology Project Managers,"Plan, initiate, and manage information technology (IT) projects. Lead and guide the work of technical staff. Serve as liaison between business and technical aspects of projects. Plan project stages and assess business implications for each stage. Monitor progress to assure deadlines, standards, and cost targets are met.","Written Comprehension, Oral Expression, Written Expression, Oral Comprehension, Problem Sensitivity, Deductive Reasoning, Inductive Reasoning, Information Ordering, Fluency of Ideas, Near Vision","English Language, Customer and Personal Service, Computers and Electronics, Administration and Management, Engineering and Technology, Economics and Accounting, Administrative, Telecommunications, Personnel and Human Resources, Mathematics","Integrity, Intellectual Curiosity, Cooperation, Achievement Orientation, Stress Tolerance, Perseverance, Adaptability, Leadership Orientation, Dependability, Leadership Orientation","Second Interest High-Point, Enterprising, Conventional, First Interest High-Point, Investigative, Social","Management/Administration, Business Initiatives, Information Technology, Office Work, Public Speaking, Information Technology, Accounting, Finance, Human Resources, Mathematics/Statistics","24SevenOffice Project, 3M Post-it App, Actano Rplan, Adobe Acrobat, Adobe ActionScript, Adobe Creative Cloud software, Adobe Dreamweaver, Adobe Illustrator, Adobe InDesign, Adobe Photoshop, Advanced business application programming ABAP, AEC Software FastTrack Schedule, Airtable, AJAX, Amazon DynamoDB"
15-2051.00,Data Scientists,"Develop and implement a set of techniques or analytics applications to transform raw data into meaningful information using data-oriented programming languages and visualization software. Apply data mining, data modeling, natural language processing, and machine learning to extract and analyze information from large structured and unstructured datasets. Visualize, interpret, and report data findings. May create dynamic data reports.",,,"Dependability, Attention to Detail, Integrity, Intellectual Curiosity, Intellectual Curiosity, Attention to Detail, Innovation, Dependability, Achievement Orientation, Integrity","Investigative, Second Interest High-Point, Conventional, Artistic, Realistic, First Interest High-Point","Mathematics/Statistics, Information Technology, Accounting, Finance, Health Care Service, Public Speaking, Medical Science, Social Science, Physical Science, Information Technology","Alteryx software, Amazon Elastic Compute Cloud EC2, Amazon Redshift, Amazon Simple Storage Service S3, Amazon Web Services AWS SageMaker, Amazon Web Services AWS software, Apache Airflow, Apache Cassandra, Apache Hadoop, Apache Hive, Apache Kafka, Apache MXNet, Apache Pig, Apache Spark, Atlassian Confluence"
17-2061.00,Computer Hardware Engineers,"Research, design, develop, or test computer or computer-related equipment for commercial, industrial, military, or scientific use. May supervise the manufacturing and installation of computer or computer-related equipment and components.","Oral Comprehension, Written Comprehension, Oral Expression, Deductive Reasoning, Inductive Reasoning, Information Ordering, Problem Sensitivity, Written Expression, Near Vision, Originality","Computers and Electronics, Engineering and Technology, Design, Mathematics, English Language, Physics, Telecommunications, Education and Training, Production and Processing, Administration and Management","Dependability, Attention to Detail, Intellectual Curiosity, Achievement Orientation, Attention to Detail, Innovation, Dependability, Intellectual Curiosity, Achievement Orientation, Adaptability","Third Interest High-Point, Realistic, Investigative, Conventional, Second Interest High-Point, Enterprising","Engineering, Information Technology, Mechanics/Electronics, Mathematics/Statistics, Physical Science, Mechanics/Electronics, Management/Administration, Information Technology, Office Work, Public Speaking","Apache Subversion SVN, Application-specific integrated circuit ASIC logic synthesis software, ASSET JTAG ScanWorks, Autodesk AutoCAD, Automatic test program generation ATPG, Block diagram software, Boundary scan description language BSDL, Boundary scan insertion software, Built-in self-test BIST debugging software, C, C++, Cadence Allegro PCB Designer, Cadence Concept, Cadence Dracula, Cadence Encounter RTL Compiler"
17-2072.00,"Electronics Engineers, Except Computer","Research, design, develop, or test electronic components and systems for commercial, industrial, military, or scientific use employing knowledge of electronic theory and materials properties. Design electronic circuits and components for use in fields such as telecommunications, aerospace guidance and propulsion control, acoustics, or instruments and controls.","Oral Comprehension, Written Comprehension, Oral Expression, Deductive Reasoning, Inductive Reasoning, Information Ordering, Near Vision, Written Expression, Problem Sensitivity, Mathematical Reasoning","Engineering and Technology, Computers and Electronics, Design, Mathematics, English Language, Mechanical, Physics, Education and Training, Production and Processing, Administration and Management","Dependability, Attention to Detail, Integrity, Cautiousness, Intellectual Curiosity, Attention to Detail, Innovation, Dependability, Intellectual Curiosity, Cautiousness","Realistic, Third Interest High-Point, Investigative, Conventional, Artistic, Second Interest High-Point","Engineering, Mechanics/Electronics, Information Technology, Mathematics/Statistics, Physical Science, Information Technology, Management/Administration, Mechanics/Electronics, Office Work, Medical Science","Agile Product Lifecyle Management PLM, Ansoft Simplorer, Apache Subversion SVN, Autodesk AutoCAD, C, C++, Cadence PSpice, Canu, Dassault Systemes CATIA, Dassault Systemes SolidWorks, Embarcadero Delphi, ESRI ArcGIS software, Extensible markup language XML, Field programmable gate array FPGA design software, Formula translation/translator FORTRAN"
25-1021.00,"Computer Science Teachers, Postsecondary","Teach courses in computer science. May specialize in a field of computer science, such as the design and function of computers or operations and research analysis. Includes both teachers primarily engaged in teaching and those who do a combination of teaching and research.","Oral Comprehension, Oral Expression, Written Comprehension, Written Expression, Deductive Reasoning, Inductive Reasoning, Speech Clarity, Information Ordering, Near Vision, Problem Sensitivity","Computers and Electronics, Education and Training, English Language, Customer and Personal Service, Mathematics, Engineering and Technology, Administration and Management, Administrative, Design, Public Safety and Security","Dependability, Attention to Detail, Integrity, Intellectual Curiosity, Intellectual Curiosity, Dependability, Innovation, Achievement Orientation, Attention to Detail, Integrity","Social, Investigative, First Interest High-Point, Conventional, Artistic, Realistic","Teaching/Education, Public Speaking, Professional Advising, Mathematics/Statistics, Information Technology, Professional Advising, Information Technology, Mathematics/Statistics, Engineering, Social Service","Adobe Dreamweaver, Adobe Photoshop, Adobe Premiere Pro, Blackboard Learn, Blackboard software, C, C#, C++, Collaborative editing software, Course management system software, Database software, Desire2Learn LMS software, DOC Cop, Email software, Firewall software"
43-9071.00,"Office Machine Operators, Except Computer","Operate one or more of a variety of office machines, such as photocopying, photographic, and duplicating machines, or other office machines.","Written Comprehension, Near Vision, Information Ordering, Oral Comprehension, Oral Expression, Problem Sensitivity, Selective Attention, Arm-Hand Steadiness, Written Expression, Finger Dexterity","English Language, Customer and Personal Service, Production and Processing, Computers and Electronics, Mathematics, Administrative, Communications and Media, Mechanical, Administration and Management, Design","Attention to Detail, Dependability, Dependability, Cautiousness, Attention to Detail, Integrity, Achievement Orientation, Self-Control, Cooperation, Stress Tolerance","Conventional, First Interest High-Point, Realistic, Investigative, Enterprising, Social","Office Work, Mechanics/Electronics, Physical/Manual Labor, Mechanics/Electronics, Information Technology, Engineering, Transportation/Machine Operation, Accounting, Personal Service, Human Resources","Adobe Acrobat, Adobe Illustrator, Adobe InDesign, Adobe Photoshop, Eko, Microsoft Access, Microsoft Excel, Microsoft Office software, Microsoft Outlook, Microsoft PowerPoint, Microsoft Publisher, Microsoft Windows, Microsoft Word, Multi-line optical character reader OCR software"
49-2011.00,"Computer, Automated Teller, and Office Machine Repairers","Repair, maintain, or install computers, word processing systems, automated teller machines, and electronic office machines, such as duplicating and fax machines.","Near Vision, Oral Comprehension, Oral Expression, Problem Sensitivity, Written Comprehension, Finger Dexterity, Speech Recognition, Speech Clarity, Information Ordering, Visualization","Computers and Electronics, Customer and Personal Service, Mechanical, Engineering and Technology, English Language, Education and Training, Transportation, Telecommunications, Production and Processing, Mathematics","Attention to Detail, Dependability, Dependability, Cautiousness, Perseverance, Integrity, Achievement Orientation, Stress Tolerance, Intellectual Curiosity, Cooperation","Second Interest High-Point, Realistic, Conventional, Investigative, Enterprising, Social","Mechanics/Electronics, Engineering, Information Technology, Information Technology, Physical/Manual Labor, Engineering, Office Work, Transportation/Machine Operation, Personal Service, Mathematics/Statistics","Adobe Acrobat, Call tracking software, Cisco Systems VPN Client, Database software, Debugging software, Email software, Extensible markup language XML, Extensible stylesheet language XSL, Hypertext markup language HTML, IBM Notes, IBM WebSphere, Inventory control system software, JavaScript, Linux, Macromedia Cold Fusion"
51-9161.00,Computer Numerically Controlled Tool Operators,"Operate computer-controlled tools, machines, or robots to machine or process parts, tools, or other work pieces made of metal, plastic, wood, stone, or other materials. May also set up and maintain equipment.","Arm-Hand Steadiness, Near Vision, Problem Sensitivity, Information Ordering, Control Precision, Reaction Time, Hearing Sensitivity, Oral Comprehension, Perceptual Speed, Visualization","Mathematics, Production and Processing, Mechanical, English Language, Engineering and Technology, Education and Training, Design, Administration and Management, Computers and Electronics, Physics","Attention to Detail, Dependability, Dependability, Cautiousness, Achievement Orientation, Stress Tolerance, Attention to Detail, Self-Confidence, Adaptability, Intellectual Curiosity","Realistic, Second Interest High-Point, Conventional, Investigative, Enterprising, Artistic","Mechanics/Electronics, Engineering, Physical/Manual Labor, Physical/Manual Labor, Construction/Woodwork, Mathematics/Statistics, Information Technology, Transportation/Machine Operation, Engineering, Management/Administration","1CadCam Unigraphics, Autodesk AutoCAD, BobCAD-CAM, Cadem CAPSMill, Cadem CAPSTurn, Cadem NCnet, Cadem seeNC Mill, CGTech Vericut CNC, CNC Consulting Machinists' Calculator, CNC Mastercam, Dassault Systemes CATIA, Dassault Systemes SolidWorks, Delcam PowerMILL, Direct motion computer numerically controlled CNC software, DP Technology ESPRIT"
51-9162.00,Computer Numerically Controlled Tool Programmers,"Develop programs to control machining or processing of materials by automatic machine tools, equipment, or systems. May also set up, operate, or maintain equipment.","Near Vision, Problem Sensitivity, Information Ordering, Perceptual Speed, Mathematical Reasoning, Category Flexibility, Visualization, Selective Attention, Oral Comprehension, Written Comprehension","Production and Processing, Engineering and Technology, Mathematics, Design, Computers and Electronics, English Language, Education and Training, Mechanical, Administrative, Administration and Management","Attention to Detail, Dependability, Dependability, Cautiousness, Intellectual Curiosity, Achievement Orientation, Perseverance, Integrity, Adaptability, Innovation","First Interest High-Point, Conventional, Realistic, Investigative, Third Interest High-Point, Enterprising","Mechanics/Electronics, Engineering, Information Technology, Mathematics/Statistics, Information Technology, Engineering, Construction/Woodwork, Transportation/Machine Operation, Physical/Manual Labor, Office Work","1CadCam Unigraphics, 3D Systems GibbsCAM, Aptean Made2Manage, Autodesk AutoCAD, Autodesk Fusion 360, Autodesk PartMaker, Autodesk PowerMill, Autodesk PowerShape, BobCAD-CAM, Celeritive Technologies VoluMill, CGTech Vericut CNC, Cimatron CimatronE, Dassault Systemes CATIA, Dassault Systemes SolidWorks, Delcam FeatureCAM"
